[
    {
        "variable": "version",
        "valor": "0.29.0"
    },
    {
        "variable": "orden_producto",
        "valor": "orden:Recomendados,ventas:Más vendidos,precio ASC:Precio de menor a mayor,precio DESC:Precio de mayor a menor,titulo ASC:A-Z,titulo DESC:Z-A"
    },
    {
        "variable": "cantidad_backup_rapido",
        "valor": "3"
    },
    {
        "variable": "tiempo_backup_rapido",
        "valor": "38,333333333333"
    },
    {
        "variable": "cantidad_backup_lento",
        "valor": "3"
    },
    {
        "variable": "tiempo_backup_lento",
        "valor": "22,666666666667"
    }
]